{"theta_": [[0.14991181657848324, 0.12082973206568712, 0.028442146089204916, 0.04851579955314395, 0.37211538461538457, 0.020246153846153844, 0.35557066953933797, 0.5629705253215547], [0.11382275132275135, 0.08837078651685394, 0.025420168067226894, 0.09385373443983398, 0.06825, 0.024226249999999994, 0.23568715879420835, 0.4455715059588298], [0.27138447971781304, 0.23595505617977527, 0.125, 0.15015560165975103, 0.0109375, 0.16138750000000002, 0.08093994778067883, 0.1634953954496208]], "sigma_": [[0.07109323280256295, 0.017121500896184548, 0.0029826062391825983, 0.005212573502473325, 0.0910353232645761, 0.00017985790954653264, 0.017428539146976934, 0.022270992195485406], [0.025758186459010558, 0.01847996153448481, 0.005041972711145574, 0.0203816915298413, 0.02149767972722402, 0.0004969409756615474, 0.0162301198259542, 0.02089538130666192], [0.0399573838848945, 0.050691831879138276, 0.10937500003972404, 0.019217706238825297, 0.00036865238347404746, 0.10131702863347404, 0.0058230961311963704, 0.02098529536636088]], "class_prior_": [0.12871287128712872, 0.7920792079207921, 0.07920792079207921], "classes": [1, 2, 3]}